"Display Name","Publisher","crypto","dns","fs","http","os","path","tls","dgram","zlib","cluster","process"
"Python","Microsoft","True","False","True","True","True","True","False","False","False","False","True"
"Jupyter","Microsoft","True","True","True","True","True","True","False","False","True","True","True"
"Pylance","Microsoft","False","False","False","False","False","False","False","False","False","False","False"
"C/C++","Microsoft","True","False","True","True","True","True","False","False","False","False","True"
"Jupyter Keymap","Microsoft","False","False","False","False","False","False","False","False","False","False","False"
"Jupyter Notebook Renderers","Microsoft","False","False","False","True","True","True","False","False","False","False","False"
"Live Server","Ritwick Dey","False","False","True","True","True","True","False","False","False","False","True"
"Prettier - Code formatter","Prettier","False","False","True","True","True","True","False","False","False","False","True"
"IntelliCode","Microsoft","False","False","False","False","False","False","False","False","False","False","False"
"ESLint","Microsoft","True","False","True","True","True","True","False","False","False","False","True"
"Language Support for Java(TM) by Red Hat","Red Hat","False","False","True","True","True","True","True","False","False","False","True"
"Chinese (Simplified) (简体中文) Language Pack for Visual Studio Code","Microsoft","False","False","False","False","False","False","False","False","False","False","False"
"Docker","Microsoft","True","False","True","True","True","True","True","False","False","False","True"
"C#","Microsoft","True","False","True","True","True","True","False","False","False","False","True"
"GitLens — Git supercharged","GitKraken","True","False","True","True","True","True","False","False","False","False","True"
"Debugger for Java","Microsoft","False","False","True","True","True","True","False","False","False","False","True"
"Maven for Java","Microsoft","False","False","True","True","True","True","True","False","False","False","True"
"WSL","Microsoft","False","False","False","False","False","False","False","False","False","False","False"
"Test Runner for Java","Microsoft","False","False","False","False","False","False","False","False","False","False","False"
"Code Runner","Jun Han","False","False","True","True","True","True","False","False","False","False","True"
"Extension Pack for Java","Microsoft","True","False","True","True","True","True","True","False","False","False","True"
"Project Manager for Java","Microsoft","False","False","True","True","True","True","True","False","False","False","True"
"Dev Containers","Microsoft","False","False","False","False","False","False","False","False","False","False","False"
"Material Icon Theme","Philipp Kief","False","False","True","True","True","True","False","False","False","True","True"
"CMake","twxs","False","False","False","True","True","False","False","False","False","False","True"
"CMake Tools","Microsoft","True","False","True","True","True","True","False","False","True","False","True"
"Remote - SSH","Microsoft","False","False","False","False","False","False","False","False","False","False","False"
"vscode-icons","VSCode Icons Team","False","False","True","True","True","True","False","False","False","False","True"
"HTML CSS Support","ecmel","False","False","True","True","True","True","False","False","False","False","False"
"C/C++ Themes","Microsoft","True","False","True","True","True","True","False","False","False","False","True"
"Remote - SSH: Editing Configuration Files","Microsoft","False","False","False","False","False","False","False","False","False","False","False"
"Vetur","Pine Wu","False","False","True","True","True","True","False","False","False","False","True"
"C/C++ Extension Pack","Microsoft","True","False","True","True","True","True","False","False","False","False","True"
"Auto Rename Tag","Jun Han","False","False","True","False","True","True","False","False","False","False","True"
"Live Share","Microsoft","False","False","False","False","False","False","False","False","False","False","False"
"JavaScript (ES6) code snippets","charalampos karypidis","False","False","False","False","False","False","False","False","False","False","False"
"YAML","Red Hat","True","False","True","True","True","True","False","False","False","False","True"
"Better C++ Syntax","Jeff Hykin","True","False","True","False","True","True","False","False","False","False","True"
"[Deprecated] Debugger for Chrome","Microsoft","False","False","True","True","True","True","False","False","False","False","True"
"Jupyter Cell Tags","Microsoft","False","False","True","True","True","True","False","False","False","False","False"
"Doxygen Documentation Generator","Christoph Schlosser","False","False","True","True","True","True","False","False","False","False","False"
"Jupyter Slide Show","Microsoft","False","False","True","True","True","True","False","False","False","False","False"
"Beautify","HookyQR","False","False","True","False","True","True","False","False","False","False","False"
"HTML Snippets","Mohamed Abusaid","False","False","False","False","False","False","False","False","False","False","False"
"GitHub Pull Requests and Issues","GitHub","True","False","True","True","True","True","False","False","False","False","True"
"Auto Close Tag","Jun Han","False","False","False","False","True","False","False","False","False","False","False"
"Path Intellisense","Christian Kohler","False","False","True","False","True","True","False","False","False","False","False"
"Go","Go Team at Google","False","False","True","True","True","True","False","False","False","False","True"
"PHP Debug","Xdebug","True","False","True","True","True","True","True","False","False","False","True"
"PHP Intelephense","Ben Mewburn","True","False","True","True","True","True","False","False","False","False","True"
"Git History","Don Jayamanne","False","False","True","True","True","True","False","False","False","False","True"
"PowerShell","Microsoft","False","False","True","True","True","True","False","False","False","False","True"
"open in browser","TechER","False","False","True","False","True","True","False","False","False","False","True"
"ES7+ React/Redux/React-Native snippets","dsznajder","False","False","True","False","True","True","False","False","False","False","False"
"One Dark Pro","binaryify","False","False","True","True","True","True","False","False","False","False","True"
"IntelliCode API Usage Examples","Microsoft","False","False","False","False","False","False","False","False","False","False","False"
"EditorConfig for VS Code","EditorConfig","False","False","True","True","True","True","False","False","False","False","False"
"isort","Microsoft","False","False","True","True","True","True","False","False","False","False","True"
"GitHub Theme","GitHub","False","False","True","False","True","False","False","False","False","False","True"
"npm","Microsoft","False","False","True","True","True","True","False","False","False","False","True"
"Code Spell Checker","Street Side Software","False","False","True","True","True","True","False","False","False","False","True"
"Dart","Dart Code","False","False","True","True","True","True","False","False","True","False","True"
"IntelliSense for CSS class names in HTML","Zignd","False","False","True","True","True","True","False","False","False","False","False"
"[Deprecated] Bracket Pair Colorizer 2","CoenraadS","False","False","True","True","True","True","False","False","False","False","True"
"SQL Server (mssql)","Microsoft","True","False","True","True","True","True","True","False","False","True","True"
"Markdown All in One","Yu Zhang","False","False","True","True","True","True","False","False","False","True","True"
"Django","Baptiste Darthenay","False","False","True","True","True","True","False","False","False","False","True"
"Flutter","Dart Code","False","False","True","False","False","True","False","False","False","False","True"
"npm Intellisense","Christian Kohler","False","False","True","False","True","True","False","False","False","False","False"
"Azure Account","Microsoft","True","False","True","True","True","True","False","False","False","False","True"
"Python for VSCode","Thomas Haakon Townsend","False","False","True","False","True","True","False","False","False","False","True"
"Japanese Language Pack for Visual Studio Code","Microsoft","False","False","False","False","False","False","False","False","False","False","False"
"Jinja","wholroyd","False","False","False","False","False","False","False","False","False","False","False"
"Live Share Audio","Microsoft","False","False","False","False","False","False","False","False","False","False","False"
"Dracula Official","Dracula Theme","False","False","True","True","False","True","False","False","False","False","False"
"Color Highlight","Sergii N","False","False","True","True","True","True","False","False","False","False","True"
"Tabnine AI Autocomplete for Javascript, Python, Typescript, PHP, Go, Java, Ruby & more","TabNine","False","False","True","True","True","True","False","False","False","False","True"
"C++ Intellisense","austin","False","False","False","False","True","True","False","False","False","False","True"
"markdownlint","David Anson","False","False","True","True","True","True","False","False","False","False","True"
"Vim","vscodevim","False","False","True","True","True","True","False","False","False","False","True"
"Angular Language Service","Angular","True","False","True","True","True","True","False","False","False","False","True"
"indent-rainbow","oderwat","False","False","False","False","True","False","False","False","False","False","False"
"XML Tools","Josh Johnson","False","False","True","False","True","True","False","False","False","False","True"
"Python Extension Pack","Don Jayamanne","False","False","False","False","False","False","False","False","False","False","False"
"Better Comments","Aaron Bond","False","False","True","True","True","True","False","False","False","False","False"
"Atom One Dark Theme","Mahmoud Ali","False","False","False","True","True","False","False","False","False","False","False"
"Git Graph","mhutchie","True","False","True","True","True","True","False","False","False","False","True"
"TSLint","Microsoft","False","False","False","False","False","False","False","False","False","False","False"
"CSS Peek","Pranay Prakash","False","False","True","False","True","True","False","False","False","False","True"
"PHP Extension Pack","Xdebug","False","False","False","False","False","False","False","False","False","False","False"
"Markdown Preview Enhanced","Yiyi Wang","False","False","True","True","True","True","False","False","False","False","True"
"Settings Sync","Shan Khan","False","False","True","True","True","True","False","False","False","False","True"
"Angular Snippets (Version 13)","John Papa","False","False","False","False","False","False","False","False","False","False","False"
"autoDocstring - Python Docstring Generator","Nils Werner","False","False","True","True","True","True","False","False","False","False","True"
"XML","Red Hat","True","False","True","True","True","True","False","False","False","False","True"
"DotENV","mikestead","False","False","False","False","False","False","False","False","False","False","False"
"Spanish Language Pack for Visual Studio Code","Microsoft","False","False","False","False","False","False","False","False","False","False","False"
"MagicPython","MagicStack Inc.","False","False","False","False","False","False","False","False","False","False","False"
"Python Indent","Kevin Rose","False","False","False","True","True","False","False","False","False","False","False"
"JS-CSS-HTML Formatter","lonefy","False","False","True","False","True","True","False","False","False","False","False"
"[DEPRECATED] C# Format Revolve","Przemysław Orłowski","False","False","False","False","False","False","False","False","False","False","False"
"Remote Development","Microsoft","False","False","False","False","False","False","False","False","False","False","False"
"React Native Tools","Microsoft","True","True","True","True","True","True","True","False","False","False","True"
"TODO Highlight","Wayou Liu","False","False","False","True","True","True","False","False","False","False","True"
"Ruby","Peng Lv","False","False","True","True","True","True","False","False","False","False","True"
"Project Manager","Alessandro Fragnani","False","False","True","True","True","True","False","False","False","False","False"
"Russian Language Pack for Visual Studio Code","Microsoft","False","False","False","False","False","False","False","False","False","False","False"
"REST Client","Huachao Mao","True","True","True","True","True","True","False","False","False","False","True"
"PlatformIO IDE","PlatformIO","True","False","True","True","True","True","False","False","False","False","True"
"Excel Viewer","GrapeCity","True","False","True","True","True","True","False","False","True","True","True"
"GitHub Copilot","GitHub","False","False","False","False","False","False","False","False","False","False","False"
"TSLint (deprecated)","Microsoft","False","False","True","True","True","True","False","False","False","False","True"
"Vue 3 Snippets","hollowtree","False","False","False","False","False","False","False","False","False","False","False"
"Portuguese (Brazil) Language Pack for Visual Studio Code","Microsoft","False","False","False","False","False","False","False","False","False","False","False"
"Auto Import","steoates","False","False","False","False","False","False","False","False","False","False","False"
"Vue Language Features (Volar)","Vue","False","False","True","True","True","True","False","False","False","False","True"
"vscode-pdf","tomoki1207","False","False","True","True","True","True","False","False","False","False","False"
"Live Share Extension Pack","Microsoft","False","False","False","False","False","False","False","False","False","False","False"
"Todo Tree","Gruntfuggly","True","False","True","True","True","True","False","False","False","False","True"
"Bookmarks","Alessandro Fragnani","False","False","True","True","True","True","False","False","False","False","False"
"Python Environment Manager","Don Jayamanne","True","False","True","True","True","True","False","False","False","False","True"
"CodeLLDB","Vadim Chugunov","False","False","True","True","True","True","False","False","False","False","True"
"Kubernetes","Microsoft","True","True","True","True","True","True","True","False","False","True","True"
"Debugger for Firefox","Firefox DevTools","False","False","True","True","True","True","False","False","False","False","True"
"Bootstrap 4, Font awesome 4, Font Awesome 5 Free & Pro snippets","Ashok Koyi","False","False","False","False","False","False","False","False","False","False","False"
"Live Sass Compiler","Ritwick Dey","True","False","True","True","True","True","False","False","False","False","True"
"C/C++ Compile Run","danielpinto8zz6","False","False","True","True","True","True","False","False","False","False","True"
".NET Install Tool for Extension Authors","Microsoft","False","False","True","True","True","True","False","False","False","False","True"
"Rainbow CSV","mechatroner","False","False","True","True","True","True","False","False","False","False","True"
"jshint","Microsoft","False","False","True","True","True","True","False","False","False","False","True"
"HashiCorp Terraform","HashiCorp","False","False","True","True","True","True","False","False","False","False","True"
"Simple React Snippets","Burke Holland","False","False","False","False","True","False","False","False","False","False","False"
"Laravel Blade Snippets","Winnie Lin","False","False","True","True","True","True","False","False","False","False","True"
"SQLTools","Matheus Teixeira","False","False","True","True","True","True","False","False","False","False","True"
"Angular 10 Snippets - TypeScript, Html, Angular Material, ngRx, RxJS & Flex Layout","Mikael Morlund","False","False","False","False","False","False","False","False","False","False","False"
"Import Cost","Wix","True","False","True","True","True","True","False","False","True","False","True"
"HTML Preview","Thomas Haakon Townsend","False","False","True","True","True","True","False","False","False","False","True"
"LaTeX Workshop","James Yu","False","False","True","True","True","True","False","False","True","False","True"
"Community Material Theme","Equinusocio","False","False","False","False","False","False","False","False","False","False","False"
"Tailwind CSS IntelliSense","Tailwind Labs","False","False","True","True","True","True","False","False","False","False","True"
"GitHub Codespaces","GitHub","False","False","False","False","False","False","False","False","False","False","False"
"Quokka.js","Wallaby.js","False","False","False","False","False","False","False","False","False","False","False"
"gitignore","CodeZombie","False","False","True","True","True","True","False","False","False","False","True"
"Remote Explorer","Microsoft","False","False","False","False","False","False","False","False","False","False","False"
"VSCode Ruby","Stafford Brunk","False","False","True","True","True","True","False","False","False","False","True"
"Winter is Coming Theme","John Papa","False","False","False","False","False","False","False","False","False","False","False"
"Material Theme Icons","Equinusocio","False","False","True","False","True","True","False","False","False","False","True"
"Babel JavaScript","Michael McDermott","False","False","False","True","True","True","False","False","False","False","True"
"Spring Initializr Java Support","Microsoft","False","False","True","True","True","True","False","False","False","False","False"
"Peacock","John Papa","False","False","True","True","True","True","False","False","False","False","True"
"Rainbow Brackets","2gua","False","False","False","False","False","False","False","False","False","False","False"
"Korean Language Pack for Visual Studio Code","Microsoft","False","False","False","False","False","False","False","False","False","False","False"
"Test Explorer UI","Holger Benl","False","False","False","False","False","False","False","False","False","False","False"
"French Language Pack for Visual Studio Code","Microsoft","False","False","False","False","False","False","False","False","False","False","False"
"HTML Boilerplate","sidthesloth","False","False","False","False","False","False","False","False","False","False","False"
"Red Hat Commons","Red Hat","False","False","False","False","False","False","False","False","False","False","False"
"vue","jcbuisson","False","False","False","False","False","False","False","False","False","False","False"
"Monokai Pro","monokai","False","False","False","False","False","False","False","False","False","False","False"
"Sublime Text Keymap and Settings Importer","Microsoft","False","False","True","False","True","True","False","False","False","False","False"
"Spring Boot Tools","Pivotal","False","False","True","True","True","True","False","False","False","False","True"
"Rust (deprecated)","The Rust Programming Language ","True","False","True","True","True","True","False","False","True","False","True"
"JavaScript and TypeScript Nightly","Microsoft","False","False","False","False","False","False","False","False","False","False","False"
"Vue VSCode Snippets","sarah.drasner","False","False","False","False","True","False","False","False","False","False","False"
"PHP IntelliSense","Damjan Cvetko","False","False","False","False","True","True","False","False","False","False","True"
"Night Owl","sarah.drasner","False","False","False","False","True","False","False","False","False","False","False"
"C/C++ Runner","franneck94","False","False","True","False","True","True","False","False","False","False","True"
"Material Theme","Equinusocio","False","False","True","False","True","True","False","False","False","False","True"
"Sass","Syler","False","False","True","True","True","True","True","False","False","True","True"
"Azure Resources","Microsoft","False","False","True","True","True","True","False","False","False","False","True"
"C# Extensions","jchannon","False","False","True","False","True","True","False","False","False","False","False"
"Azure Functions","Microsoft","True","False","True","True","True","True","False","False","False","False","True"
"Ayu","teabyii","False","False","True","True","False","True","False","False","False","False","True"
"Data Workspace","Microsoft","True","True","True","True","True","True","True","False","True","True","True"
"jQuery Code Snippets","Don Jayamanne","False","False","False","False","False","False","False","False","False","False","False"
"Arduino","Microsoft","False","False","True","True","True","True","False","False","False","False","True"
"One Monokai Theme","Joshua Azemoh","False","False","False","True","False","False","False","False","False","False","False"
"German Language Pack for Visual Studio Code","Microsoft","False","False","False","False","False","False","False","False","False","False","False"
"Spring Boot Dashboard","Microsoft","False","False","True","True","True","True","True","False","False","False","True"
"SQL Database Projects","Microsoft","True","True","True","True","True","True","True","False","True","True","True"
"Hex Editor","Microsoft","False","False","True","True","True","True","False","False","False","False","True"
"C/C++ Clang Command Adapter","Yasuaki MITANI","False","False","True","True","True","True","False","False","False","False","True"
"Debugger for Unity","Unity Technologies","False","False","False","False","False","False","False","False","False","False","False"
"Git Blame","Wade Anderson","False","False","True","True","True","True","False","False","False","False","True"
"Highlight Matching Tag","vincaslt","False","False","True","False","True","False","False","False","False","False","True"
"Auto Complete Tag","Jun Han","False","False","False","False","False","False","False","False","False","False","False"
"SonarLint","SonarSource","True","False","True","True","True","True","False","False","False","False","True"
"Prettify JSON","Mohsen Azimi","False","False","False","False","False","False","False","False","False","False","False"
"Paste JSON as Code","quicktype","True","True","True","True","True","True","True","False","False","False","True"
"Reactjs code snippets","charalampos karypidis","False","False","False","False","False","False","False","False","False","False","False"
"Search node_modules","Jason Nutter","False","False","True","False","False","True","False","False","False","False","True"
"Thunder Client","Ranga Vadhineni","True","False","False","False","False","True","False","False","False","False","False"
"Laravel Snippets","Winnie Lin","False","False","False","False","False","False","False","False","False","False","False"
"Format HTML in PHP","rifi2k","False","False","False","False","True","False","False","False","False","False","False"
"Test Adapter Converter","Microsoft","False","False","False","False","False","False","False","False","False","False","False"
"SQLite","alexcvzz","False","False","True","True","True","True","False","False","False","False","True"
"VSCode Great Icons","Emmanuel Béziat","False","False","False","False","False","False","False","False","False","False","False"
"Terminal","Jun Han","False","False","True","True","True","True","False","False","False","False","True"
"json","ZainChen","False","False","True","True","True","True","False","False","False","False","True"
"Azure Machine Learning","Microsoft","False","False","False","False","False","False","False","False","False","False","False"
"Java Language Support","George Fraser","False","False","True","True","True","True","False","False","False","False","True"
"phpcs","Ioannis Kappas","False","False","True","True","True","True","False","False","False","False","True"
"Beautify css/sass/scss/less","michelemelluso","False","False","False","False","True","False","False","False","False","False","False"
"Markdown PDF","yzane","False","False","True","True","True","True","False","False","False","False","True"
"Shades of Purple","Ahmad Awais ⚡","False","False","False","False","True","False","False","False","False","False","False"
"Better TOML","bungcip","False","False","True","True","True","True","False","False","False","False","True"
"CSS Formatter","Martin Aeschlimann","False","False","False","True","True","True","False","False","False","False","True"
"Spring Boot Extension Pack","Pivotal","False","False","True","True","True","True","False","False","False","False","True"
"Error Lens","Alexander","False","False","True","True","True","True","False","False","False","False","False"
"Jest","Orta","False","False","True","True","True","True","True","False","False","False","True"
"Microsoft Edge Tools for VS Code","Microsoft","False","False","True","True","True","True","False","False","False","False","True"
"PlantUML","jebbs","False","False","True","True","True","True","False","False","True","False","True"
"Path Autocomplete","Mihai Vilcu","False","False","True","True","True","True","False","False","False","False","True"
"vscode-proto3","zxh404","False","False","True","False","True","True","False","False","False","False","True"
"SFTP","liximomo","False","False","True","True","True","True","False","False","False","False","True"
"Jira and Bitbucket (Atlassian Labs)","Atlassian","True","False","True","True","True","True","False","False","False","False","True"
"Color Picker","anseki","False","False","True","True","True","True","False","False","False","False","True"
"Makefile Tools","Microsoft","False","False","True","True","True","True","False","False","False","False","True"
"IntelliJ IDEA Keybindings","Keisuke Kato","False","False","True","True","True","True","False","False","False","False","True"
"TypeScript Hero","Christoph Bühler","False","False","False","False","False","False","False","False","False","False","False"
"Trailing Spaces","Shardul Mahadik","False","False","True","False","True","False","False","False","False","False","False"
"Azure Machine Learning - Remote","Microsoft","False","False","False","False","False","False","False","False","False","False","False"
"Nx Console","nrwl","False","False","True","True","True","True","False","False","False","False","True"
"Azure CLI Tools","Microsoft","False","False","True","True","True","True","False","False","False","False","True"
"Open in GitHub, Bitbucket, Gitlab, VisualStudio.com !","ziyasal","False","False","True","True","True","True","False","False","False","False","True"
"GraphQL: Language Feature Support","GraphQL Foundation","True","False","True","True","True","True","False","False","False","False","True"
"Discord Presence","Crawl","False","False","True","True","True","True","False","False","False","False","True"
"Azure App Service","Microsoft","True","False","True","True","True","True","False","False","False","False","True"
"Node.js Modules Intellisense","Zongmin Lei","False","False","True","False","True","True","False","False","False","False","True"
"rust-analyzer","The Rust Programming Language ","True","False","True","True","True","True","False","False","False","False","True"
"Image preview","Kiss Tamás","False","False","True","True","True","True","False","False","False","False","True"
"Laravel Artisan","Ryan Naddy","False","False","True","True","True","True","False","False","False","False","True"
"SynthWave '84","Robb Owen","False","False","True","False","True","True","False","False","False","False","True"
"MySQL","Jun Han","False","False","True","True","True","True","False","False","False","False","False"
"Palenight Theme","Olaolu Olawuyi","False","False","True","True","True","True","False","False","False","False","True"
"View In Browser","qinjia","False","False","True","False","True","True","False","False","False","False","True"
"Salesforce CLI Integration","Salesforce","False","False","True","True","True","True","False","False","False","False","True"
"Cobalt2 Theme Official","Wes Bos","False","False","False","False","False","False","False","False","False","False","False"
"SQL Bindings","Microsoft","True","True","True","True","True","True","True","False","True","True","True"
"HTMLHint","Mike Kaufman","False","False","True","False","True","True","False","False","False","False","True"
"Chinese (Traditional) Language Pack for Visual Studio Code","Microsoft","False","False","False","False","False","False","False","False","False","False","False"
"Version Lens","pflannery","False","False","True","True","True","True","False","False","False","False","True"
"Apex","Salesforce","False","False","True","True","True","True","False","False","False","False","True"
"Python Preview","dongli","False","False","True","True","True","True","False","False","False","True","True"
"Draw.io Integration","Henning Dieterichs","False","False","True","True","True","True","False","False","False","False","True"
"Notepad++ keymap","Microsoft","False","False","True","False","False","False","False","False","False","False","False"
"React-Native/React/Redux snippets for es6/es7","EQuimper","False","False","False","False","False","False","False","False","False","False","False"
"Azure Resource Manager (ARM) Tools","Microsoft","False","True","True","True","True","True","False","False","False","True","True"
"PHP Server","brapifra","False","False","True","True","True","True","False","False","False","False","True"
"Laravel goto view","codingyu","False","False","True","False","True","True","False","False","False","False","False"
"Unity Code Snippets","Kleber Silva","False","False","False","False","False","False","False","False","False","False","False"
"Stylelint","Stylelint","False","False","True","True","True","True","False","False","False","False","True"
"Aura Components","Salesforce","False","False","True","True","True","True","False","False","False","False","True"
"Clang-Format","xaver","False","False","True","False","True","True","False","False","False","False","True"
"Visualforce","Salesforce","False","False","True","True","True","True","False","False","False","False","True"
"PHP DocBlocker","Neil Brayfield","False","False","True","True","True","False","False","False","False","False","True"
"Git Extension Pack","Don Jayamanne","False","False","False","False","False","False","False","False","False","False","False"
"Apex Interactive Debugger","Salesforce","False","False","True","True","True","True","False","False","False","False","True"
"SCSS Formatter","Sibiraj","False","False","False","True","True","True","False","False","False","False","True"
"Angular Essentials (Version 13)","John Papa","False","False","False","False","False","False","False","False","False","False","False"
"Dependency Analytics","Red Hat","False","False","True","True","True","True","False","False","False","False","True"
"SCSS IntelliSense","mrmlnc","False","False","True","True","True","True","False","False","False","False","True"
"GitHub","KnisterPeter","False","False","True","True","True","True","False","False","False","False","True"
"Azure Databases","Microsoft","True","True","True","True","True","True","True","False","False","False","True"
"Lightning Web Components","Salesforce","False","False","True","True","True","True","False","False","False","False","True"
"Live HTML Previewer","Harshdeep Gupta","False","False","False","True","True","True","False","False","False","False","False"
"Salesforce Extension Pack","Salesforce","False","False","True","True","True","True","False","False","False","False","True"
"GitHub Repositories","GitHub","False","False","False","False","False","False","False","False","False","False","False"
"Apex Replay Debugger","Salesforce","False","False","True","True","True","True","False","False","False","False","True"
"Live Preview","Microsoft","True","False","True","True","True","True","False","False","False","False","True"
"Prettier ESLint","Rebecca Vest","False","False","True","True","True","True","False","False","False","False","True"
"Unity Tools","Tobiah Zarlez","False","False","True","True","True","True","False","False","False","False","False"
"Atom Keymap","Microsoft","False","False","True","True","False","False","False","False","False","False","False"
"NuGet Package Manager","jmrog","False","False","True","True","True","True","False","False","False","False","True"
"Laravel Extra Intellisense","amir","False","False","True","True","True","True","False","False","False","False","True"
"file-icons","file-icons","False","False","False","False","False","False","False","False","False","False","False"
"PHP Namespace Resolver","Mehedi Hassan","False","False","True","False","True","True","False","False","False","False","False"
"Git Project Manager","Felipe Caputo","True","False","True","False","True","True","False","False","False","False","True"
"C# XML Documentation Comments","Keisuke Kato","False","False","True","True","True","True","False","False","False","False","True"
"shell-format","foxundermoon","False","False","True","True","True","True","False","False","False","False","True"
"Polacode","P & P","False","False","True","True","True","True","False","False","False","False","False"
"solidity","Juan Blanco","False","False","True","True","True","True","False","False","False","False","True"
"CMake Language Support","Jose Torres","False","False","False","False","False","False","False","False","False","False","False"
"Markdown Preview Github Styling","Matt Bierner","False","False","False","False","False","False","False","False","False","False","False"
"Cloudfoundry Manifest YML Support","Pivotal","False","False","True","True","True","True","False","False","False","False","True"
"AWS Toolkit","Amazon Web Services","True","True","True","True","True","True","False","False","True","True","True"
"change-case","wmaurer","False","False","True","False","True","True","False","False","False","False","False"
"Formatting Toggle","tombonnike","False","False","False","False","True","False","False","False","False","False","False"
"Open In Default Browser","peakchen90","False","False","True","True","True","True","False","False","False","False","True"
"Azure Storage","Microsoft","True","False","True","True","True","True","False","False","False","False","True"
"Concourse CI Pipeline Editor","Pivotal","False","False","True","True","True","True","False","False","False","False","True"
"Python Extended","Taiwo Kareem","False","False","False","False","False","False","False","False","False","False","False"
"C/C++ Snippets","Harsh","False","False","False","False","False","False","False","False","False","False","False"
"Kotlin Language","mathiasfrohlich","False","False","False","False","False","False","False","False","False","False","False"
"JavaScript Debugger (Nightly)","Microsoft","True","True","True","True","True","True","True","False","True","True","True"
"Mithril Emmet","FallenMax","False","False","False","False","True","False","False","False","False","False","False"
"Babel ES6/ES7","dzannotti","False","False","False","False","False","False","False","False","False","False","False"
"Atom One Light Theme","Mahmoud Ali","False","False","False","True","True","False","False","False","False","False","False"
"phpfmt - PHP formatter","kokororin","False","False","True","False","True","True","False","False","False","False","True"
"Azure Pipelines","Microsoft","False","False","True","True","True","True","False","False","False","False","True"
"GitDoc","Jonathan Carter","False","False","True","False","True","True","False","False","False","False","True"
"Jupyter (deprecated)","Don Jayamanne","False","False","True","True","True","True","False","False","False","False","True"
"Ruby Solargraph","Castwide","False","False","True","False","True","True","False","False","False","False","False"
"SVN","Chris Johnston","True","False","True","True","True","True","False","False","False","False","True"
"WakaTime","WakaTime","False","False","True","True","True","True","False","False","False","False","True"
"Bootstrap 3 Snippets","William Whitehead","False","False","False","False","False","False","False","False","False","False","False"
"PHP Formatter","Sophisticode","False","False","True","True","True","True","False","False","False","False","True"
"Node.js Extension Pack","Wade Anderson","False","False","False","False","False","False","False","False","False","False","False"
"Easy LESS","mrcrowl","False","False","True","False","True","True","False","False","False","False","True"
"GitLab Workflow","GitLab","True","False","True","True","True","True","False","False","False","False","True"
"JSON Tools","Erik Lynd","False","False","False","False","False","False","False","False","False","False","False"
"R","REditorSupport","True","False","True","True","True","True","False","False","False","False","True"
"Edit csv","janisdd","False","False","True","True","True","True","False","False","False","False","True"
"angular2-inline","Nate Wallace","False","False","True","True","True","False","False","False","False","False","True"
"Noctis","Liviu Schera","False","False","False","False","False","False","False","False","False","False","False"
"php cs fixer","junstyle","False","False","True","True","True","True","False","False","False","False","True"
"Angular Schematics","Cyrille Tuzi","False","False","False","False","False","False","False","False","False","False","False"
"MySQL","Weijan Chen","True","True","True","True","True","True","True","True","True","True","True"
"Tokyo Night","enkia","False","False","False","False","False","False","False","False","False","False","False"
"SLDS Validator","Salesforce","False","False","True","True","True","True","False","False","False","False","True"
"EJS language support","DigitalBrainstem","False","False","False","False","False","False","False","False","False","False","False"
"Python Test Explorer for Visual Studio Code","Little Fox Team","False","False","False","False","False","False","False","False","False","False","False"
"Panda Theme","Panda Theme","False","False","True","False","True","False","False","False","False","False","False"
"Nord","arcticicestudio","False","False","False","True","True","False","False","False","False","False","False"
"Color Info","Matt Bierner","False","False","False","True","True","False","False","False","False","False","False"
"ftp-simple","humy2833","True","False","True","False","True","True","False","False","False","False","True"
"Power Mode","Cody Hoover","False","True","True","True","True","False","True","False","False","False","False"
"Flutter Widget Snippets","Alexis Villegas Torres","False","False","False","False","False","False","False","False","False","False","False"
"Java Debugger","Don Jayamanne","False","False","True","True","True","True","False","False","False","False","True"
"Haskell Syntax Highlighting","Justus Adam","False","False","False","False","False","False","False","False","False","False","False"
"vscode-database","Bajdzis","False","False","True","True","True","True","False","False","False","False","True"
"CodeSnap","adpyke","False","False","True","False","True","True","False","False","False","False","False"
"Live Server Preview","negokaz","False","False","True","True","True","True","False","False","False","False","False"
"HTML Snippets","geyao","False","False","False","False","False","False","False","False","False","False","False"
"Sass/Less/Stylus/Pug/Jade/Typescript/Javascript Compile Hero Pro","Eno Yao","False","False","True","True","True","True","False","False","False","False","True"
"TypeScript Importer","pmneo","False","False","False","False","False","False","False","False","False","False","False"
"Gradle for Java","Microsoft","False","False","True","True","True","True","True","False","False","False","True"
"Azure Tools","Microsoft","False","False","False","False","False","False","False","False","False","False","False"
"LeetCode","力扣 LeetCode","False","False","True","True","True","True","False","False","False","False","True"
"Sublime Material Theme","Jarvis Prestidge","False","False","False","False","False","False","False","False","False","False","False"
"Output Colorizer","IBM","False","False","False","False","False","False","False","False","False","False","False"
"angular2-switcher","infinity1207","False","False","False","False","True","True","False","False","False","False","False"
"[Deprecated] Browser Preview","Kenneth Auchenberg","False","False","False","True","True","True","False","False","False","False","True"
"HTML Format","Mohamed Akram","False","False","False","False","True","False","False","False","False","False","False"
"SVG","jock","False","False","True","True","True","True","False","False","False","False","True"
"C/C++ Debugging with Flags","Utsav Munendra","False","False","False","False","False","False","False","False","False","False","False"
"Andromeda","Eliver  Lara","False","False","False","False","False","False","False","False","False","False","False"
"Twig","whatwedo","False","False","False","False","False","False","False","False","False","False","False"
"Turbo Console Log","ChakrounAnas","False","False","False","False","True","False","False","False","False","False","True"
"Ionide for F#","Ionide","False","False","True","True","True","True","False","False","False","False","True"
"Guides","spywhere","False","False","False","False","True","False","False","False","False","False","False"
"Lua","sumneko","False","False","False","False","False","False","False","False","False","False","False"
"Jest Runner","firsttris","False","False","True","True","True","True","False","False","False","False","True"
"Move TS - Move TypeScript files and update relative imports","stringham","False","False","True","False","True","True","False","False","False","False","True"
"Partial Diff","Ryuichi Inagaki","False","False","True","True","True","True","False","False","False","False","True"
"SQL Formatter","adpyke","False","False","False","False","False","False","False","False","False","False","False"
"GraphQL for VSCode","Kumar Harsh","False","False","True","False","True","True","False","False","False","False","False"
"Lombok Annotations Support for VS Code","Microsoft","False","False","True","True","True","True","False","False","False","False","True"
"Shader languages support for VS Code","slevesque","False","False","True","True","True","True","False","False","False","False","True"
"Azure Virtual Machines","Microsoft","True","False","True","True","True","True","False","False","False","False","True"
"vue-beautify","peakchen90","False","False","False","False","True","False","False","False","False","False","False"
"CodeMetrics","Kiss Tamás","False","False","True","True","True","True","False","False","False","False","True"
"Eclipse Keymap","Alphabot Security","False","False","False","False","False","False","False","False","False","False","False"
"Laravel Blade formatter","Shuhei Hayashibara","False","False","True","True","True","True","False","False","False","False","True"
"Laravel Extension Pack","Winnie Lin","False","False","False","False","False","False","False","False","False","False","False"
"MongoDB for VS Code","MongoDB","True","True","True","True","True","True","False","False","False","True","True"
"Cucumber (Gherkin) Full Support","Alexander Krechik","False","False","True","True","True","True","False","False","False","False","True"
"Flow Language Support","Facebook Flow","True","False","True","True","True","True","False","False","False","False","True"
"Italian Language Pack for Visual Studio Code","Microsoft","False","False","False","False","False","False","False","False","False","False","False"
"Angular Files","Alexander Ivanichev","False","False","True","False","True","True","False","False","False","False","False"
"JavaScript Snippet Pack ","Mahmoud Ali","False","False","False","False","False","False","False","False","False","False","False"
"JS JSX Snippets","Nai You Ran","False","False","False","True","False","False","False","False","False","False","False"
"C# Snippets","Jorge Serrano","False","False","False","False","False","False","False","False","False","False","False"
"Cloud Code","Google Cloud","False","False","False","False","False","False","False","False","False","False","False"
"Terraform","Anton Kulikov","False","False","False","False","False","False","False","False","False","False","False"
"Sort lines","Daniel Imms","False","False","False","True","True","True","False","False","False","False","True"
"Markdown Preview Mermaid Support","Matt Bierner","False","False","True","True","True","True","False","False","False","True","True"
"Python Path","Mathias Gesbert","False","False","True","False","True","True","False","False","False","False","False"
"Scala Syntax (official)","scala-lang","False","False","False","False","False","False","False","False","False","False","False"
"Local History","xyz","False","False","True","True","True","True","False","False","False","False","True"
"Tomcat for Java","Wei Shen","False","False","True","True","True","True","False","False","False","False","True"
"stylus","sysoev","False","False","False","True","True","True","False","False","False","False","True"
"AREPL for python","Almenon","False","False","True","True","True","True","False","False","False","False","True"
"Django Template","bibhasdn","False","False","False","False","False","False","False","False","False","False","False"
"ruby-rubocop","misogi","False","False","True","False","True","True","False","False","False","False","True"
"Svelte for VS Code","Svelte","False","False","True","True","True","True","False","False","False","False","True"
"Native Debug","WebFreak","False","False","True","True","True","True","False","False","False","False","True"
"Bootstrap v4 Snippets","Zaczero","False","False","False","False","False","False","False","False","False","False","False"
"HTML Play","bianxianyang","False","False","False","False","False","False","False","False","False","False","False"
"Chat","Arjun Attam","False","False","True","True","True","True","False","False","False","False","True"
"Vue Peek","Dario Fuzinato","False","False","False","False","True","True","False","False","False","False","False"
"Bash Debug","rogalmic","False","False","True","True","True","True","False","False","False","False","True"
"Prisma","Prisma","True","False","True","True","True","True","False","False","False","True","True"
"Live Sass Compiler","Glenn Marks","False","False","True","True","True","True","False","False","False","False","True"
"colorize","kamikillerto","False","False","True","True","True","True","False","False","False","False","False"
"Remote Repositories","Microsoft","False","False","False","False","False","False","False","False","False","False","False"
"SOQL","Salesforce","False","False","True","True","True","True","False","False","False","False","True"
"Resource Monitor","mutantdino","False","False","True","False","True","False","False","False","False","False","False"
".NET Core Test Explorer","Jun Han","False","False","False","False","False","False","False","False","False","False","False"
"Custom CSS and JS Loader","be5invis","False","False","True","True","False","True","False","False","False","False","False"
"Lorem ipsum","Daniel Imms","False","False","False","True","True","True","False","False","False","False","False"
"VS Color Picker","lihui","False","False","False","False","True","False","False","False","False","False","True"
"x86 and x86_64 Assembly","13xforever","False","False","False","False","False","False","False","False","False","False","False"
"PHP","DEVSENSE","False","False","False","False","False","False","False","False","False","False","False"
"Fluent Icons","Miguel Solorio","False","False","False","True","False","True","False","False","False","False","True"
"Darcula Theme","rokoroku","False","False","False","False","False","False","False","False","False","False","False"
"ShellCheck","Timon Wong","False","False","True","True","True","True","False","False","False","False","True"
"filesize","Matheus Kautzmann","False","False","False","False","True","True","False","False","False","False","False"
"Bicep","Microsoft","True","True","True","True","True","True","False","False","False","True","True"
"ARM Template Viewer","Ben Coleman","False","False","True","True","True","True","False","False","False","True","True"
"Linux Themes for VS Code","SolarLiner","False","False","True","False","False","True","False","False","False","False","True"
"Matlab","Xavier Hahn","False","False","True","False","True","True","False","False","False","False","True"
"GraphQL: Syntax Highlighting","GraphQL Foundation","True","False","True","True","True","True","False","False","False","False","True"
"WXML - Language Service","Mora Qiu","False","False","True","True","True","True","False","False","False","False","True"
"Mono Debug","Microsoft","False","False","False","False","False","False","False","False","False","False","False"
"background","shalldie","True","False","True","True","True","True","False","False","False","False","True"
"File Utils","Steffen Leistner","False","False","True","False","True","True","False","False","False","False","True"
"Eva Theme","fisheva","False","False","False","False","False","False","False","False","False","False","False"
"Docker Explorer","Jun Han","False","False","True","True","True","True","False","False","False","False","True"
"clangd","LLVM","False","False","True","True","True","True","False","False","False","False","True"
"Visual Studio Keymap","Microsoft","False","False","False","False","False","False","False","False","False","False","False"
"XML Formatter","Fabian Lauer","False","False","False","False","False","True","False","False","False","False","False"
"SQLTools MySQL/MariaDB","Matheus Teixeira","False","False","True","True","True","True","False","False","False","False","True"
"Regex Previewer","Christof Marti","False","False","False","True","True","False","False","False","False","False","False"
"Better Jinja","Samuel Colvin","False","False","False","True","True","False","False","False","False","False","False"
"Git History Diff","Hui Zhou","False","False","True","True","True","True","False","False","False","False","True"
"Angular 8 and TypeScript/HTML VS Code Snippets","Dan Wahlin","False","False","False","False","False","False","False","False","False","False","False"
"crates","Seray Uzgur","False","False","True","True","True","True","False","False","False","False","True"
"Inkling","Microsoft","False","False","False","False","False","False","False","False","False","False","False"
"Verilog-HDL/SystemVerilog/Bluespec SystemVerilog","mshr-h","False","False","True","True","True","True","False","False","False","False","True"
"Kotlin","fwcd","False","False","True","True","True","True","False","False","False","False","True"
"Include Autocomplete","ajshort","False","False","True","False","True","True","False","False","False","False","True"
"Java Run","caolin","False","False","False","False","True","False","False","False","False","False","True"
"Turkish Language Pack for Visual Studio Code","Microsoft","False","False","False","False","False","False","False","False","False","False","False"
"reStructuredText","LeXtudio Inc.","False","False","True","True","True","True","False","False","False","False","True"
"Better Align","wwm","False","False","False","False","True","False","False","False","False","False","True"
"StandardJS - JavaScript Standard Style (old version)","Sam Chen","False","False","True","True","True","True","False","False","False","False","True"
"vscode-styled-components","Styled Components","False","False","False","True","True","False","False","False","False","False","True"
"htmltagwrap","Brad Gashler","False","False","True","False","True","False","False","False","False","False","True"
"PostgreSQL","Chris Kolkman","False","False","True","False","True","True","False","False","False","False","True"
"open-in-browser","coderfee","False","False","False","False","False","False","False","False","False","False","False"
"Node.js Exec","Miramac","True","False","True","True","True","True","False","False","False","False","True"
"Gradle Language Support","Naco Siren","False","False","True","True","True","True","False","False","False","False","True"
"Batch Rename","JannisX11","False","False","True","False","True","True","False","False","False","False","False"
"TypeScript Vue Plugin (Volar)","Vue","False","False","True","True","True","True","False","False","False","False","True"
"Swagger Viewer","Arjun G","False","False","True","True","True","True","False","False","False","False","False"
"OpenAPI (Swagger) Editor","42Crunch","False","False","True","True","True","True","False","False","False","False","True"
"python snippets","Ferhat Yalçın","False","False","False","False","False","False","False","False","False","False","False"
"Apache Conf","mrmlnc","False","False","False","False","False","False","False","False","False","False","False"
"Nomo Dark Icon Theme","be5invis","False","False","False","False","False","False","False","False","False","False","False"
"Julia","julialang","True","False","True","True","True","True","False","False","False","True","True"
"pip-packages","etmoffat","False","False","False","False","False","False","False","False","False","False","False"
"vue","liuji-jim","False","False","False","False","False","False","False","False","False","False","False"
"C# Extensions","JosKreativ","False","False","True","True","True","True","False","False","False","False","False"
"VueHelper","oysun","False","False","False","False","True","False","False","False","False","False","False"
"ROS","Microsoft","False","False","True","True","True","True","False","False","False","False","True"
"React Native Snippet","Jundat95","False","False","False","False","False","False","False","False","False","False","False"
"Python-autopep8","himanoa","False","False","False","False","False","False","False","False","False","False","False"
"Cordova Tools","Microsoft","True","True","True","True","True","True","False","False","False","False","True"
"MDX (deprecated)","Matija Marohnić","False","False","False","False","False","False","False","False","False","False","False"
"MySQL Syntax","Jake Bathman","False","False","False","False","False","False","False","False","False","False","False"
"Polyglot Notebooks","Microsoft","False","False","True","True","True","True","True","False","False","False","True"
"Icon Fonts","idleberg","False","False","True","False","False","True","False","False","False","False","False"
"jumpy","wmaurer","False","False","True","True","True","False","False","False","False","False","False"
"Prettier Now","Remi Marsal","True","True","True","True","True","True","True","True","True","True","True"
"HTML Class Suggestions","Anders Ellenshøj Andersen","False","False","True","False","True","False","False","False","False","False","True"
"Extension Uninstaller","CS50","False","False","False","False","False","False","False","False","False","False","False"
"hexdump for VSCode","slevesque","False","False","True","True","True","True","False","False","False","False","True"
"PHP intellisense for codeigniter","small","False","False","True","True","True","True","False","False","False","False","True"
"Azure Terraform","Microsoft","False","False","True","True","True","True","False","False","False","False","True"
"Gremlins tracker for Visual Studio Code","Nicolas Hoizey","False","False","False","False","True","False","False","False","False","False","True"
"Auto Import - ES6, TS, JSX, TSX","Sergey Korenuk","False","False","False","False","False","False","False","False","False","False","False"
"CS50 Duck Debugger","CS50","False","False","False","False","False","False","False","False","False","False","False"
"SSH FS","Kelvin Schoofs","True","True","True","True","True","True","False","False","False","False","True"
"node-snippets","Chris Noring","False","False","False","False","False","False","False","False","False","False","False"
"JSON to TS","MariusAlchimavicius","False","False","True","False","True","True","False","False","False","False","False"
"Markdown Theme Kit","Microsoft","False","False","False","False","False","False","False","False","False","False","False"
"Auto-Using for C#","Fudge","False","False","True","True","True","True","False","False","False","False","False"
".NET Core Tools","Jun Han","False","False","True","False","True","True","False","False","False","False","True"
"Cortex-Debug","marus25","True","True","True","True","True","True","True","False","True","True","True"
"File Downloader","Microsoft DevLabs","False","False","True","True","True","True","False","False","False","False","True"
"Laravel Blade Spacer","Austen Cameron","False","False","True","False","False","False","False","False","False","False","False"
"Dark+ Material","vangware","False","False","True","False","True","False","False","False","False","False","False"
"Indenticator","SirTori","False","False","False","False","True","False","False","False","False","False","False"
"vscode-solution-explorer","Fernando Escolar","False","False","True","True","True","True","False","False","False","False","True"
"Auto Build Marlin","Marlin Firmware","False","False","True","True","True","True","False","False","False","False","True"
"px to rem & rpx & vw (cssrem)","cipchk","False","False","True","True","True","True","False","False","False","False","True"
"MSBuild project tools","tintoy","False","False","False","False","False","False","False","False","False","False","False"
"koroFileHeader","OBKoro1","False","False","True","True","True","True","False","False","False","False","True"
"Angular 2, 4 and upcoming latest TypeScript HTML Snippets","Balram Chavan","False","False","False","False","False","False","False","False","False","False","False"
"All Autocomplete","Atishay Jain","False","False","False","True","True","True","False","False","False","False","False"
"Polish Language Pack for Visual Studio Code","Microsoft","False","False","False","False","False","False","False","False","False","False","False"
"Vue Theme","mariorodeghiero","False","False","False","False","False","False","False","False","False","False","False"
"PostCSS Language Support","csstools","False","False","False","False","False","False","False","False","False","False","False"
"VS Code Jupyter Notebook Previewer","jithurjacob","False","False","True","True","True","True","False","False","False","False","True"
"Prettier - Code formatter","Simon Siefke","False","False","True","True","True","True","False","False","False","False","True"
"Bash IDE","Mads Hartmann","False","False","True","True","True","True","False","False","False","False","True"
"Autoprefixer","mrmlnc","False","False","True","False","True","True","False","False","False","False","True"
"PHP Getters & Setters","phproberto","False","False","True","False","True","True","False","False","False","False","True"
"Unity Snippets","Ycleptic Studios","False","False","False","False","False","False","False","False","False","False","False"
"Arm Assembly","dan-c-underwood","False","False","False","False","False","False","False","False","False","False","False"
"Bash Beautify","Ahmed Hamdy","False","False","True","False","True","True","False","False","False","False","True"
"Preview","Haixin Chen","False","False","True","True","True","True","False","False","False","False","True"
"Qt for Python","Shuang Wu","False","False","True","True","True","True","False","False","False","False","True"
"Markdown Emoji","Matt Bierner","False","False","False","False","True","True","False","False","False","False","True"
"Android iOS Emulator","Diemas Michiels","False","False","False","False","True","True","False","False","False","False","True"
"Bearded Theme","BeardedBear","False","False","True","True","True","False","False","False","False","False","True"
"Preview on Web Server","YuichiNukiyama","False","False","True","True","True","True","False","False","False","False","True"
"Minify","HookyQR","False","False","True","False","True","True","False","False","False","False","False"
"Askia QeXML Generator","Askia","False","False","False","False","False","False","False","False","False","False","False"
"Omni Theme","Rocketseat","False","False","True","True","False","True","False","False","False","False","False"
"Slim","Siang Lim","False","False","False","False","False","False","False","False","False","False","False"
"vue-helper","shenjiaolong","False","False","True","True","True","True","False","False","False","False","True"
"laravel-blade","Christian Howe","False","False","False","False","False","False","False","False","False","False","False"
"Code Time","Software","True","False","True","True","True","True","False","False","False","False","True"
"C/C++ Advanced Lint","Joseph Benden","False","False","True","True","True","True","False","False","False","False","True"
"GitHub Plus Theme","thenikso","False","False","False","False","False","False","False","False","False","False","False"
"Typescript React code snippets","infeng","False","False","False","False","False","False","False","False","False","False","False"
"Pubspec Assist","Jeroen Meijer","False","False","True","True","True","True","False","False","False","False","False"
"CSS Modules","clinyong","False","False","True","True","True","True","False","False","False","False","False"
"Apollo GraphQL","Apollo GraphQL","False","False","True","True","True","True","False","False","False","False","True"
"Auto-Open Markdown Preview","hnw","False","False","False","False","True","True","False","False","False","False","False"
"VSCode simpler Icons with Angular","davidbabel","False","False","False","False","False","False","False","False","False","False","False"
"ElixirLS: Elixir support and debugger","ElixirLS","False","False","True","True","True","True","False","False","False","False","True"
"Data Preview","Random Fractals Inc.","False","False","True","True","True","True","False","False","False","True","True"
"PostgreSQL","Microsoft","True","True","True","True","True","True","True","False","False","False","True"
"Apex Log Analyzer","FinancialForce","False","False","True","True","True","True","False","False","False","False","True"
"Theme - Oceanic Next","Sergii N","False","False","False","False","False","False","False","False","False","False","False"
"Class autocomplete for HTML","AES Soft","False","False","True","True","True","True","False","False","False","False","True"
"Angular 2 TypeScript Emmet","jakethashi","False","False","True","False","True","False","False","False","False","False","True"
"Presentation Mode","CS50","False","False","False","False","False","False","False","False","False","False","False"
"Auto-Save on Window Change","Yurii Zaporozhchenko","False","False","False","False","True","False","False","False","False","False","False"
"Twig Language 2","mblode","False","False","False","False","True","False","False","False","False","False","False"
"Spell Right","Bartosz Antosik","False","False","True","True","True","True","False","False","False","False","True"
"JS Refactor :: JS CodeFormer","Chris Stead","False","False","False","False","False","False","False","False","False","False","False"
"JavaScript Booster","Stephan Burguchev","False","False","True","True","True","True","False","False","False","False","True"
"Azure IoT Hub","Microsoft","True","False","True","True","True","True","False","False","False","False","True"
"Checkstyle for Java","ShengChen","True","False","True","True","True","True","True","False","False","False","True"
"Markdown Checkboxes","Matt Bierner","False","False","False","False","False","True","False","False","False","False","True"
"Django Snippets","bibhasdn","False","False","False","False","False","True","False","False","False","False","False"
"Bridge to Kubernetes","Microsoft","True","True","True","True","True","True","True","False","False","True","True"
"ES7 React/Redux/GraphQL/React-Native snippets","rodrigovallades","False","False","False","False","False","False","False","False","False","False","False"
"Gruvbox Theme","jdinhlife","False","False","False","True","True","False","False","False","False","False","False"
"Document This","oouo-diogo-perdigao","False","False","False","True","True","True","False","False","False","False","True"
"WordPress Snippets","wpprotools.io","False","False","False","False","False","False","False","False","False","False","False"
"ENV","Jakka Prihatna","False","False","True","False","True","False","False","False","False","False","False"
"Lua Debug","actboy168","False","False","True","False","True","True","False","False","False","False","True"
"Lua","keyring","False","False","False","False","False","False","False","False","False","False","False"
"ejs Snippets","TaodongWu","False","False","False","False","False","False","False","False","False","False","False"
"Language PL/SQL","xyz","False","False","True","True","True","True","False","False","False","False","True"
"Deno","denoland","False","False","True","True","True","True","True","False","False","False","True"
"TabOut","Albert Romkes","False","False","False","False","True","False","False","False","False","False","False"
"Angular Material 2, Flex layout 1, Covalent 1 & Material icon snippets","1Ton Technologies","False","False","False","False","False","False","False","False","False","False","False"
"Diff","Fabio Spampinato","False","False","True","True","True","True","False","False","False","False","False"
"HTML to CSS autocompletion","solnurkarim","False","False","True","False","True","True","False","False","False","False","False"
":emojisense:","Matt Bierner","False","False","False","True","True","False","False","False","False","False","False"
"json2ts","Gregor Biswanger","False","False","False","True","True","True","False","False","False","False","False"
"Start git-bash","McCarter","False","False","False","True","True","True","False","False","False","False","True"
"Open Browser Preview","Eno Yao","False","False","True","False","True","True","False","False","False","False","True"
"css-auto-prefix","sporiley","False","False","False","False","True","False","False","False","False","False","False"
"Haskell","Haskell","False","False","True","True","True","True","False","False","True","False","True"
"LaTeX language support","Long Nhat Nguyen","False","False","False","False","False","False","False","False","False","False","False"
"vscode-faker","Budi Irawan","False","False","False","False","False","False","False","False","False","False","False"
"zenkaku","mosapride","False","False","False","False","False","False","False","False","False","False","False"
"Azure Static Web Apps","Microsoft","False","False","True","True","True","True","False","False","False","False","True"
"SimonTest","SimonTest","False","False","False","False","False","False","False","False","False","False","False"
"Slack Theme","Felipe Mendes","False","False","False","False","False","False","False","False","False","False","False"
"Bracket Pair Colorization Toggler","Dzhavat Ushev","False","False","False","True","True","True","False","False","False","False","False"
"anycode","Microsoft","False","False","True","True","True","True","True","False","False","False","True"
"advanced-new-file","patbenatar","False","False","True","False","True","True","False","False","False","False","False"
"Java IDE","JavaHub","False","False","True","True","True","True","False","False","False","False","True"
"ftp-sync","�ukasz Wroński","True","True","True","True","True","True","True","True","True","True","True"
"Atom Material Theme","Tobias Althoff","False","False","False","False","True","False","False","False","False","False","False"
"Elm Emmet","Max Vyz.","False","False","False","False","True","True","False","False","False","False","True"
"SQLTools PostgreSQL/Cockroach Driver","Matheus Teixeira","False","False","True","True","True","True","False","False","False","False","True"
"Sort JSON objects","richie5um2","False","False","True","False","True","True","False","False","False","False","False"
"Vscode Google Translate","funkyremi","False","False","True","True","True","True","False","False","False","False","False"
"Sass Lint (deprecated)","glen-84","False","False","True","True","True","True","False","False","False","False","True"
"Django","Roberth Solís","False","False","False","False","False","True","False","False","False","False","False"
".NET Extension Pack","Microsoft","False","False","True","True","True","True","False","False","False","False","False"
"Rewrap","stkb","False","False","True","True","True","True","False","False","False","False","False"
"Rainglow","Dayle Rees","False","False","False","False","False","False","False","False","False","False","False"
"html tag wrapper","hwencc","False","False","False","False","True","False","False","False","False","False","False"
"PrintCode","nobuhito","False","False","True","True","True","True","False","False","False","False","True"
"Theme","Mhammed Talhaouy","False","False","True","True","True","True","False","False","False","False","True"
"Scala (Metals)","Scalameta","False","False","True","True","True","True","False","False","False","False","True"
"Emmet Live","Yurii Semeniuk","False","False","False","True","True","False","False","False","False","False","False"
"Close HTML/XML tag","Compulim","False","False","False","False","True","False","False","False","False","False","False"
"dart-import","Luan","False","False","False","False","True","True","False","False","False","False","False"
"Live Server (Five Server)","Yannick","False","False","True","True","True","True","False","False","False","False","False"
"Android","adelphes","True","False","True","True","True","True","False","False","False","False","True"
"Java Debug","Bin Deng","False","False","False","False","True","True","False","False","False","False","True"
"Svg Preview","Simon Siefke","True","False","True","True","True","True","True","False","True","False","True"
"Vue.js Extension Pack","Muhammad Ubaid Raza","False","False","False","False","False","False","False","False","False","False","False"
"Rails","周�","True","True","True","True","True","True","True","False","True","False","True"
"Oracle Developer Tools for VS Code (SQL and PLSQL)","Oracle Corporation","False","False","False","False","False","False","False","False","False","False","False"
"Dracula At Night","bceskavich","False","False","True","True","True","False","False","False","False","False","True"
"flask-snippets","cstrap","False","False","False","False","False","False","False","False","False","False","False"
"[Deprecated] Node Debug","Microsoft","False","False","True","True","True","True","False","False","False","False","True"
"compareit","in4margaret","False","False","False","False","True","False","False","False","False","False","False"
"eppz! (C# theme for Unity)","eppz!","False","False","True","True","True","True","False","False","False","False","True"
"HTML Preview","George Oliveira","False","False","True","True","True","True","False","False","False","False","True"
"Bluloco Light Theme","Umut Topuzoğlu","False","False","False","False","False","False","False","False","False","False","False"
"C Compiler","brapifra","False","False","False","False","True","False","False","False","False","False","True"
"Vue VS Code Extension Pack","sarah.drasner","False","False","False","False","False","False","False","False","False","False","False"
"[FF] Flutter Files","Igor Kravchenko","False","False","True","True","True","True","False","False","False","False","False"
"Smarty","imperez","False","False","False","False","False","False","False","False","False","False","False"
"vscode-gemfile","周�","False","False","True","True","True","False","False","False","False","False","False"
"Java Code Generators","Sohibe","False","False","False","True","True","True","False","False","False","False","False"
"Add jsdoc comments","stevencl","False","False","False","False","True","True","False","False","False","False","True"
"Espressif IDF","Espressif Systems","True","False","True","True","True","True","False","False","True","True","True"
"ASP.NET Helper","schneiderpat","False","False","True","False","True","True","False","False","False","False","True"
"Ionic Snippets","fivethree","False","False","False","False","False","False","False","False","False","False","False"
"Todo+","Fabio Spampinato","False","False","True","True","True","True","False","False","False","False","True"
"AsciiDoc","asciidoctor","True","False","True","True","True","True","False","False","True","False","True"
"Multiple clipboards for VSCode","slevesque","False","False","False","False","True","False","False","False","False","False","False"
"vscode-fileheader","mikey","False","False","False","False","True","True","False","False","False","False","False"
"bloc","Felix Angelov","False","False","True","True","True","True","False","False","False","False","True"
"laravel-goto-components","naoray","False","False","True","False","True","True","False","False","False","False","False"
"Log File Highlighter","Emil Åström","False","False","True","False","True","False","False","False","False","False","False"
"NGINX Configuration","William Voyek","False","False","False","False","False","False","False","False","False","False","False"
"JS & CSS Minifier (Minify)","olback","False","False","True","True","True","True","False","False","False","False","True"
"yarn","Gamunu Balagalla","False","False","True","True","True","True","False","False","False","False","True"
"vscode-elixir","Mat McLoughlin","False","False","True","False","True","True","False","False","False","False","True"
"endwise","Kai Wood","False","False","False","True","True","False","False","False","False","False","False"
"GBKtoUTF8","bukas","False","False","True","False","True","True","False","False","False","False","False"
"Laravel Create View","glitchbl","False","False","True","False","True","True","False","False","False","False","False"
"PowerShell Preview","Microsoft","False","False","True","True","True","True","False","False","False","False","True"
"Monokai Night Theme","Fabio Spampinato","False","False","False","False","False","False","False","False","False","False","False"
"Bootstrap 5 Quick Snippets","Anbuselvan Rocky","False","False","False","False","False","False","False","False","False","False","False"
"Hopscotch","idleberg","False","False","False","False","False","False","False","False","False","False","False"
"Java Server Pages (JSP)","Patrik Thorsson","False","False","False","False","False","False","False","False","False","False","False"
"C/C++ GNU Global","Lin Chieh","False","False","False","False","False","False","False","False","False","False","False"
"Docker Compose","p1c2u","False","False","True","False","True","True","False","False","False","False","True"
"Laravel Blade Wrapper","IHunte","False","False","False","False","True","False","False","False","False","False","False"
"AutoHotkey","slevesque","False","False","False","False","False","False","False","False","False","False","False"
"Electron Color Theme","Kus Cámara","False","False","False","False","False","False","False","False","False","False","False"
"Paste Image","mushan","False","False","True","False","True","True","False","False","False","False","True"
"learn-markdown","Microsoft","False","False","False","False","False","False","False","False","False","False","False"
"VS Code for Node.js - Development Pack","NodeSource","False","False","False","False","False","False","False","False","False","False","False"
"New Relic CodeStream: GitHub, GitLab, Bitbucket PRs and Code Review","New Relic","True","False","True","True","True","True","False","False","False","True","True"
"Material Theme Kit","Microsoft","False","False","False","False","False","False","False","False","False","False","False"
"Pascal","Alessandro Fragnani","False","False","True","True","True","True","False","False","False","False","True"
"Modern Fortran","The Fortran Programming Language","False","False","True","True","True","True","True","False","False","False","True"
"Angular Extension Pack","Loiane Groner","False","False","False","False","False","False","False","False","False","False","False"
"Even Better TOML","tamasfe","False","False","True","True","True","True","False","False","False","False","True"
"C# Namespace Autocompletion","Adrian Wilczyński","False","False","True","False","True","True","False","False","False","False","False"
"Blackbox","Blackboxapp","False","False","False","False","False","False","False","False","False","False","False"
"XML Format","Mike Burgh","False","False","False","True","True","False","False","False","False","False","False"
"learn-yaml","Microsoft","True","True","True","True","True","True","False","False","False","False","True"
"VS Code Counter","Kentaro Ushiyama","False","False","True","False","True","True","False","False","False","False","False"
"quickstart","lolkush","False","False","False","False","False","False","False","False","False","False","False"
"Vue 3 Support - All In One","Eno Yao","False","False","True","True","True","True","False","False","False","False","False"
"Azure Data Lake Tools","Microsoft","False","False","False","False","False","False","False","False","False","False","False"
"React Extension Pack","Rajbir Jawanda","False","False","False","False","False","False","False","False","False","False","False"
"Composer","Ioannis Kappas","False","False","True","False","True","True","False","False","False","False","True"
"Duplicate action","mrmlnc","False","False","True","False","True","True","False","False","False","False","False"
"Java Decompiler","David Gileadi","False","False","False","False","False","False","False","False","False","False","False"
"One Dark Theme","Joshua Azemoh","False","False","False","False","False","False","False","False","False","False","False"
"AutoFileName","JerryHong","False","False","False","False","False","False","False","False","False","False","False"
"AngularDoc for Visual Studio Code","AngularDoc.io","False","False","False","False","False","False","False","False","False","False","False"
"autoreactpro","JohnSavadkuhi","False","False","True","False","True","True","False","False","False","False","False"
"Office Viewer(Markdown Editor)","Weijan Chen","True","True","True","True","True","True","True","False","True","True","True"
"C/C++ Build Task","kaysonwu","False","False","True","False","True","True","False","False","False","False","True"
"NuGet Gallery","pcislo","False","False","True","False","True","True","False","False","False","False","True"
"Flatland Monokai Theme","gerane","False","False","False","False","False","False","False","False","False","False","False"
"AL Language","Microsoft","False","False","False","True","True","False","False","False","False","False","True"
"Swift Language","Martin Kase","False","False","False","False","False","False","False","False","False","False","False"
"Apex PMD","Charlie Jonas","False","False","True","True","True","True","False","False","False","False","True"
"Rocketseat ReactJS","Rocketseat","False","False","False","False","False","False","False","False","False","False","False"
"CSS Navigation","pucelle","False","False","True","True","True","True","False","False","False","False","True"
"Python Image Preview","윤대��","False","False","False","True","True","True","False","False","False","False","False"
"Jest Snippets","andys8","False","False","False","False","False","False","False","False","False","False","False"
"es6-string-html","Tobermory","False","False","False","False","False","False","False","False","False","False","False"
"Ruby on Rails","Hridoy","False","False","False","False","False","False","False","False","False","False","False"
"vscode-pets","Anthony Shaw","False","False","True","True","True","True","False","False","False","False","True"
"lit-html","Matt Bierner","False","False","False","False","False","False","False","False","False","False","False"
"Tag Inserter","l7ssha","False","False","False","False","True","False","False","False","False","False","False"
"Azure Kubernetes Service","Microsoft","False","False","True","True","True","True","False","False","False","True","True"
"Markdown+Math","goessner","False","False","True","True","True","True","False","False","False","False","False"
"Bootstrap 4 CDN Snippet","Simen Daehlin","False","False","False","False","False","False","False","False","False","False","False"
"Djaneiro - Django Snippets","Scott Barkman","False","False","False","False","False","False","False","False","False","False","False"
"exe Runner","Brandon Fowler","False","False","False","False","True","False","False","False","False","False","True"
"CS-Script","Oleg Shilo","True","False","True","True","True","True","False","False","False","False","True"
"SQLTools SQLite","Matheus Teixeira","False","False","True","True","True","True","False","False","False","False","True"
"Ansible","Red Hat","False","False","True","True","True","True","False","False","False","False","True"
"Easy icon theme","James Maguire","False","False","False","False","False","False","False","False","False","False","False"
"SQLite Viewer","Florian Klampfer","False","False","True","True","True","True","False","False","False","False","True"
"Command List","yamajyn","False","False","True","False","True","True","False","False","False","False","True"
"Go Nightly","Go Team at Google","False","False","True","True","True","True","False","False","False","False","True"
"Picture Element","Jake Wilson","False","False","False","False","False","False","False","False","False","False","False"
"Git Merger","Shahar Kazaz","False","False","True","True","True","False","False","False","False","False","True"
"Pygame Snippets","Taiwo Kareem","False","False","False","False","False","False","False","False","False","False","False"
"Rocketseat React Native","Rocketseat","False","False","False","False","False","False","False","False","False","False","False"
"SCSS Everywhere","Gencer W. Genç","True","False","True","True","True","True","False","False","False","False","True"
"Easy Sass","Wojciech Sura","True","False","True","True","True","True","False","False","False","False","True"
"Essential ASP.NET Core 3 Snippets","Will �哥","False","False","True","False","True","True","False","False","False","False","False"
"JSON","Meezilla","False","False","False","False","False","False","False","False","False","False","False"
"Less IntelliSense","mrmlnc","False","False","True","False","True","True","False","False","False","False","True"
"[Deprecated] Node Debug (legacy)","Microsoft","True","False","True","True","True","True","False","False","False","True","True"
"Relative Path","jakob101","False","False","True","False","True","True","False","False","False","False","False"
"Flutter Tree","Marcelo Velasquez","False","False","False","False","True","False","False","False","False","False","False"
"Copy Relative Path","alexdima","False","False","False","False","True","True","False","False","False","False","False"
"Bazel","The Bazel Team","True","False","True","True","True","True","False","False","False","False","True"
"styled-jsx","niceSprite","False","False","False","False","False","False","False","False","False","False","False"
"Coverage Gutters","ryanluker","False","False","True","True","True","True","False","False","False","False","False"
"Monokai Dark Soda","Adam Caviness","False","False","False","False","False","False","False","False","False","False","False"
"SQL Beautify","clarkyu","False","False","False","False","True","False","False","False","False","False","False"
"C/C++ Project Generator","danielpinto8zz6","False","False","False","False","False","False","False","False","False","False","False"
"Flat UI","Kaiyuan Liu","False","False","False","False","False","False","False","False","False","False","False"
"jQuery Snippets","Hridoy","False","False","False","False","False","False","False","False","False","False","False"
"TypeScript Toolbox","DSKWRK","False","False","True","False","True","True","False","False","False","False","True"
"CloudFormation","aws-scripting-guy","False","False","False","False","False","False","False","False","False","False","False"
"Gitpod Remote","Gitpod","True","True","True","True","True","True","True","False","True","True","True"
"Firebase","toba","False","False","False","True","True","True","False","False","False","False","False"
"Auto Comment Blocks","kky","False","False","True","False","True","False","False","False","False","False","False"
"Inline SQL","qufiwefefwoyn","False","False","False","False","True","False","False","False","False","False","False"
"Zip File Explorer","slevesque","False","False","True","False","False","True","False","False","False","False","False"
"stylelint-plus","Hex","False","False","True","True","True","True","False","False","False","False","True"
"ShaderlabVSCode(Free)","AMLOVEY","False","False","False","False","False","False","False","False","False","False","False"
"Dash","Budi Irawan","False","False","False","False","True","True","False","False","False","False","True"
"Open PHP/HTML/JS In Browser","PrimaFuture","False","False","False","False","False","False","False","False","False","False","False"
"Github Light Theme","Hyzeta","False","False","False","False","False","False","False","False","False","False","False"
"Paste and Indent","g3rry","False","False","True","False","False","True","False","False","False","False","False"
"dark-plus-syntax","dunstontc","False","False","True","True","True","True","False","False","False","False","True"
"Markdown Shortcuts","mdickin","False","False","False","True","True","True","False","False","False","False","False"
"2077 theme","Endormi","False","False","False","False","True","False","False","False","False","False","True"
"refactorix","Christian Oetterli","False","False","True","False","True","False","False","False","False","False","True"
"vscode-spotify","shyykoserhiy","False","False","True","True","True","True","False","False","False","False","True"
"HTML5 extension pack","walkme","False","False","False","False","False","False","False","False","False","False","False"
"Material Product Icons","Philipp Kief","False","False","True","False","True","True","False","False","False","False","False"
"Vuter","yoyo930021","False","False","True","True","True","True","False","False","False","False","True"
"arrr","obenjiro","False","False","True","False","True","True","False","False","False","False","False"
"Bootstrap 5 & Font Awesome Snippets","HansUXdev","False","False","False","False","False","False","False","False","False","False","False"
"Terraform Autocomplete","erd0s","False","False","False","False","True","False","False","False","False","False","False"
"Pascal Formatter","Alessandro Fragnani","False","False","True","True","True","True","False","False","False","False","True"
"TortoiseSVN","fantasytyx","False","False","True","True","True","True","False","False","False","False","True"
"Markdown yaml Preamble","Matt Bierner","False","False","False","False","False","False","False","False","False","False","False"
"Go Test Explorer","Prem Parihar","False","False","False","False","False","False","False","False","False","False","False"
"Vue","Rahul Kadyan","False","False","True","True","True","True","False","False","False","False","True"
"Bluloco Dark Theme","Umut Topuzoğlu","False","False","False","False","False","False","False","False","False","False","False"
"Prettier+","Benas Svipas","False","False","True","False","True","True","False","False","False","False","True"
"Graphviz (dot) language support for Visual Studio Code","João Pinto","False","False","True","True","True","True","False","False","False","False","False"
"PHP Debug","Robert Lu","False","False","True","True","True","True","False","False","False","False","True"
"view-in-browser","Koppt Ho","False","False","False","False","False","False","False","False","False","False","False"
"Open","sandcastle","False","False","False","False","True","False","False","False","False","False","False"
"Python Type Hint","njqdev","False","False","False","True","True","True","False","False","False","False","False"
"JavaScript Atom Grammar","Microsoft","False","False","False","False","False","False","False","False","False","False","False"
"Activitus Bar","Gruntfuggly","False","False","True","False","True","True","False","False","False","False","True"
"Robot Framework Intellisense","Tomi Turtiainen","False","False","True","True","True","True","False","False","False","False","True"
"Save Typing","Michel Betancourt","False","False","False","False","False","False","False","False","False","False","False"
"Dobri Next - Themes and Icons","dobbbri","False","False","False","False","False","False","False","False","False","False","False"
"nginx.conf","shanoor","False","False","False","False","False","False","False","False","False","False","False"
"Fullstack React/React Native snippets","Walter Ribeiro","False","False","False","False","False","False","False","False","False","False","False"
"City Lights theme","Yummygum","False","False","False","False","False","False","False","False","False","False","False"
"eCSStractor for VSCode","diz","False","False","False","False","True","False","False","False","False","False","True"
"i18n Ally","Lokalise","False","False","True","True","True","True","False","False","False","False","True"
"Azure Developer CLI","Microsoft","True","False","True","True","True","True","False","False","False","False","True"
"ASP.NET Core Switcher","Adrian Wilczyński","False","False","True","False","True","True","False","False","False","False","False"
"DeviceTree","Pietro Lorefice","False","False","False","False","False","False","False","False","False","False","False"
"Angular UI Bootstrap Snippets","HerrHerrmann","False","False","False","False","False","False","False","False","False","False","False"
"Angular Extension Pack","Will �哥","False","False","False","False","False","False","False","False","False","False","False"
"Azure IoT Edge","Microsoft","False","True","True","True","True","True","True","False","False","False","True"
"CS50 Lab","CS50","False","False","True","True","True","True","False","False","False","False","True"
"erb","Craig Maslowski","False","False","False","False","False","False","False","False","False","False","False"
"TOML Language Support","be5invis","False","False","True","False","True","True","False","False","False","False","False"
"React/Redux/react-router Snippets","discountry","False","False","False","False","False","False","False","False","False","False","False"
"wechat-snippet","ChandZhang","False","False","False","False","False","False","False","False","False","False","False"
"CSV to Table","Andrew Armstrong","False","False","False","False","True","True","False","False","False","False","True"
"GlassIt-VSC","hikarin522","False","False","False","False","False","True","False","False","False","False","True"
"Go Doc","Minhaz Ahmed Syrus","False","False","True","False","True","True","False","False","False","False","True"
"Emoji","Perkovec","False","False","False","False","False","False","False","False","False","False","False"
"PHP Symbols","lin yang","False","False","False","False","False","False","False","False","False","False","False"
"VSCode Neovim","Alexey Svetliakov","False","False","True","True","True","True","False","False","False","False","True"
"Json Editor","Nick DeMayo","False","False","True","True","True","True","False","False","False","False","True"
"Compare Folders","MoshFeu","False","False","True","True","True","True","False","False","False","False","True"
"HTML SCSS Support","P-de-Jong","False","False","True","False","True","True","False","False","False","False","False"
"Headwind","Ryan Heybourn","False","False","True","False","True","False","False","False","False","False","True"
"NativeScript","NativeScript","False","False","False","False","False","False","False","False","False","False","False"
"code-groovy","Marlon Franca","False","False","False","False","True","False","False","False","False","False","False"
"Cyberpunk","Max","False","False","False","False","False","False","False","False","False","False","False"
"Pretty Formatter","mblode","False","False","False","False","True","False","False","False","False","False","False"
"Shell","Baptist BENOIST","False","False","True","False","True","True","False","False","False","False","True"
"Prettier-Standard - JavaScript formatter","numso","False","False","True","False","True","True","False","False","False","False","False"
"nginx-formatter","Simon Schneider","False","False","False","False","False","False","False","False","False","False","False"
"C# Tools for Godot","Ignacio Roldán Etcheverry","False","False","True","True","True","True","False","False","False","False","True"
"Flutter Intl","Localizely","False","False","False","False","False","False","False","False","False","False","False"
"Java Properties","ithildir","False","False","False","False","False","False","False","False","False","False","False"
"Deepdark Material Theme","Nimda","False","False","False","False","False","False","False","False","False","False","False"
"Vagrant","Baptist BENOIST","False","False","True","False","True","True","False","False","False","False","True"
"Docker Linter","Henrik Sjööh","False","False","False","False","True","True","False","False","False","False","True"
"GitHub Markdown Preview","Matt Bierner","False","False","False","False","False","False","False","False","False","False","False"
"Codelf","unbug","False","False","True","True","True","False","False","False","False","False","False"
"Run on Save","emeraldwalk","False","False","True","False","True","True","False","False","False","False","True"
"gettext","MrOrz","False","False","False","False","True","True","False","False","False","False","False"
"Pyright","ms-pyright","True","False","True","True","True","True","False","False","False","False","True"
"WordPress Snippet","TungVN","False","False","False","False","False","False","False","False","False","False","False"
"ionic 2 Commands with Snippets","Thavarajan","False","False","False","False","False","False","False","False","False","False","False"
"vscode-lua","trixnz","False","False","True","True","True","True","False","False","False","False","True"
"Kubernetes Support","ipedrazas","False","False","False","False","False","True","False","False","False","False","False"
"LanguageTool for Visual Studio Code","Adam Voss","False","False","True","False","True","True","False","False","False","False","True"
